{
"Format": "1.10.0",

"Changes": [

{
"LogName": "mi's lamp fix",
"Action": "EditImage",
"Target": "Tilesheets/Furniture, TileSheets/furniture.{{language}}",
"FromFile": "assets/furniture.png",
"FromArea": { "X": 48, "Y": 736, "Width": 64, "Height": 32 },
"ToArea": { "X": 48, "Y": 736, "Width": 64, "Height": 32 },
},
{
"Action": "EditImage",
"Target": "Tilesheets/Furniture, TileSheets/furniture.{{language}}",
"FromFile": "assets/furniture.png",
"FromArea": { "X": 144, "Y": 0, "Width": 368, "Height": 32 },
"ToArea": { "X": 144, "Y": 0, "Width": 368, "Height": 32 },
},
{
"Action": "EditImage",
"Target": "Tilesheets/Furniture, TileSheets/furniture.{{language}}",
"FromFile": "assets/furniture.png",
"FromArea": { "X": 0, "Y": 32, "Width": 512, "Height": 32 },
"ToArea": { "X": 0, "Y": 32, "Width": 512, "Height": 32 },
},
{
"Action": "EditImage",
"Target": "Tilesheets/Furniture, TileSheets/furniture.{{language}}",
"FromFile": "assets/furniture.png",
"FromArea": { "X": 0, "Y": 64, "Width": 96, "Height": 32 },
"ToArea": { "X": 0, "Y": 64, "Width": 96, "Height": 32 },
},
{
"Action": "EditImage",
"Target": "Tilesheets/Furniture, TileSheets/furniture.{{language}}",
"FromFile": "assets/furniture.png",
"FromArea": { "X": 240, "Y": 96, "Width": 160, "Height": 48 },
"ToArea": { "X": 240, "Y": 96, "Width": 160, "Height": 48 },
},
{
"Action": "EditImage",
"Target": "Tilesheets/Furniture, TileSheets/furniture.{{language}}",
"FromFile": "assets/furniture.png",
"FromArea": { "X": 288, "Y": 144, "Width": 192, "Height": 32 },
"ToArea": { "X": 288, "Y": 144, "Width": 192, "Height": 32 },
},
{
"Action": "EditImage",
"Target": "Tilesheets/Furniture, TileSheets/furniture.{{language}}",
"FromFile": "assets/furniture.png",
"FromArea": { "X": 256, "Y": 256, "Width": 256, "Height": 48 },
"ToArea": { "X": 256, "Y": 256, "Width": 256, "Height": 48 },
},
{
"Action": "EditImage",
"Target": "Tilesheets/Furniture, TileSheets/furniture.{{language}}",
"FromFile": "assets/furniture.png",
"FromArea": { "X": 160, "Y": 352, "Width": 256, "Height": 48 },
"ToArea": { "X": 160, "Y": 352, "Width": 256, "Height": 48 },
},
{
"Action": "EditImage",
"Target": "Tilesheets/Furniture, TileSheets/furniture.{{language}}",
"FromFile": "assets/furniture.png",
"FromArea": { "X": 224, "Y": 400, "Width": 224, "Height": 80 },
"ToArea": { "X": 224, "Y": 400, "Width": 224, "Height": 80 },
},
{
"LogName": "moster trees",
"Action": "EditImage",
"Target": "Tilesheets/Furniture, TileSheets/furniture.{{language}}",
"FromFile": "assets/furniture.png",
"FromArea": { "X": 0, "Y": 480, "Width": 512, "Height": 128 },
"ToArea": { "X": 0, "Y": 480, "Width": 512, "Height": 128 },
},
{
"Action": "EditImage",
"Target": "Tilesheets/Furniture, TileSheets/furniture.{{language}}",
"FromFile": "assets/furniture.png",
"FromArea": { "X": 96, "Y": 608, "Width": 96, "Height": 32 },
"ToArea": { "X": 96, "Y": 608, "Width": 96, "Height": 32 },
},
{
"Action": "EditImage",
"Target": "Tilesheets/Furniture, TileSheets/furniture.{{language}}",
"FromFile": "assets/furniture.png",
"FromArea": { "X": 48, "Y": 640, "Width": 64, "Height": 48 },
"ToArea": { "X": 48, "Y": 640, "Width": 64, "Height": 48 },
},
{
"Action": "EditImage",
"Target": "Tilesheets/Furniture, TileSheets/furniture.{{language}}",
"FromFile": "assets/furniture.png",
"FromArea": { "X": 224, "Y": 640, "Width": 80, "Height": 48 },
"ToArea": { "X": 224, "Y": 640, "Width": 80, "Height": 48 },
},
{
"LogName": "boom box",
"Action": "EditImage",
"Target": "Tilesheets/Furniture, TileSheets/furniture.{{language}}",
"FromFile": "assets/furniture.png",
"FromArea": { "X": 304, "Y": 640, "Width": 176, "Height": 32 },
"ToArea": { "X": 304, "Y": 640, "Width": 176, "Height": 32 },
},
{
"Action": "EditImage",
"Target": "Tilesheets/Furniture, TileSheets/furniture.{{language}}",
"FromFile": "assets/furniture.png",
"FromArea": { "X": 0, "Y": 688, "Width": 64, "Height": 32 },
"ToArea": { "X": 0, "Y": 688, "Width": 64, "Height": 32 },
},
{
"Action": "EditImage",
"Target": "Tilesheets/Furniture, TileSheets/furniture.{{language}}",
"FromFile": "assets/furniture.png",
"FromArea": { "X": 320, "Y": 688, "Width": 16, "Height": 32 },
"ToArea": { "X": 320, "Y": 688, "Width": 16, "Height": 32 },
},
{
"Action": "EditImage",
"Target": "Tilesheets/Furniture, TileSheets/furniture.{{language}}",
"FromFile": "assets/furniture.png",
"FromArea": { "X": 336, "Y": 672, "Width": 32, "Height": 16 },
"ToArea": { "X": 336, "Y": 672, "Width": 32, "Height": 16 },
},
{
"Action": "EditImage",
"Target": "Tilesheets/Furniture, TileSheets/furniture.{{language}}",
"FromFile": "assets/furniture.png",
"FromArea": { "X": 368, "Y": 672, "Width": 144, "Height": 48 },
"ToArea": { "X": 368, "Y": 672, "Width": 144, "Height": 48 },
},
{
"Action": "EditImage",
"Target": "Tilesheets/Furniture, TileSheets/furniture.{{language}}",
"FromFile": "assets/furniture.png",
"FromArea": { "X": 416, "Y": 720, "Width": 96, "Height": 48 },
"ToArea": { "X": 416, "Y": 720, "Width": 96, "Height": 48 },
},
{
"Action": "EditImage",
"Target": "Tilesheets/Furniture, TileSheets/furniture.{{language}}",
"FromFile": "assets/furniture.png",
"FromArea": { "X": 400, "Y": 768, "Width": 112, "Height": 32 },
"ToArea": { "X": 400, "Y": 768, "Width": 112, "Height": 32 },
},
{
"LogName": "teddy",
"Action": "EditImage",
"Target": "Tilesheets/Furniture, TileSheets/furniture.{{language}}",
"FromFile": "assets/furniture.png",
"FromArea": { "X": 0, "Y": 800, "Width": 144, "Height": 96 },
"ToArea": { "X": 0, "Y": 800, "Width": 144, "Height": 96 },
},
{
"Action": "EditImage",
"Target": "Tilesheets/Furniture, TileSheets/furniture.{{language}}",
"FromFile": "assets/furniture.png",
"FromArea": { "X": 192, "Y": 800, "Width": 32, "Height": 32 },
"ToArea": { "X": 192, "Y": 800, "Width": 32, "Height": 32 },
},
{
"Action": "EditImage",
"Target": "Tilesheets/Furniture, TileSheets/furniture.{{language}}",
"FromFile": "assets/furniture.png",
"FromArea": { "X": 288, "Y": 800, "Width": 208, "Height": 48 },
"ToArea": { "X": 288, "Y": 800, "Width": 208, "Height": 48 },
},
{
"Action": "EditImage",
"Target": "Tilesheets/Furniture, TileSheets/furniture.{{language}}",
"FromFile": "assets/furniture.png",
"FromArea": { "X": 176, "Y": 832, "Width": 48, "Height": 32 },
"ToArea": { "X": 176, "Y": 832, "Width": 48, "Height": 32 },
},
{
"Action": "EditImage",
"Target": "Tilesheets/Furniture, TileSheets/furniture.{{language}}",
"FromFile": "assets/furniture.png",
"FromArea": { "X": 256, "Y": 832, "Width": 32, "Height": 32 },
"ToArea": { "X": 256, "Y": 832, "Width": 32, "Height": 32 },
},
{
"Action": "EditImage",
"Target": "Tilesheets/Furniture, TileSheets/furniture.{{language}}",
"FromFile": "assets/furniture.png",
"FromArea": { "X": 144, "Y": 864, "Width": 176, "Height": 48 },
"ToArea": { "X": 144, "Y": 864, "Width": 176, "Height": 48 },
},
{
"Action": "EditImage",
"Target": "Tilesheets/Furniture, TileSheets/furniture.{{language}}",
"FromFile": "assets/furniture.png",
"FromArea": { "X": 320, "Y": 896, "Width": 48, "Height": 16 },
"ToArea": { "X": 320, "Y": 896, "Width": 48, "Height": 16 },
},
{
"Action": "EditImage",
"Target": "Tilesheets/Furniture, TileSheets/furniture.{{language}}",
"FromFile": "assets/furniture.png",
"FromArea": { "X": 368, "Y": 864, "Width": 144, "Height": 160 },
"ToArea": { "X": 368, "Y": 864, "Width": 144, "Height": 160 },
},
{
"Action": "EditImage",
"Target": "Tilesheets/Furniture, TileSheets/furniture.{{language}}",
"FromFile": "assets/furniture.png",
"FromArea": { "X": 192, "Y": 912, "Width": 176, "Height": 112 },
"ToArea": { "X": 192, "Y": 912, "Width": 176, "Height": 112 },
},
{
"Action": "EditImage",
"Target": "Tilesheets/Furniture, TileSheets/furniture.{{language}}",
"FromFile": "assets/furniture.png",
"FromArea": { "X": 0, "Y": 976, "Width": 160, "Height": 32 },
"ToArea": { "X": 0, "Y": 976, "Width": 160, "Height": 32 },
},
]
}